Tenor : 1; Maturity : 0.0833333333333333,Tenor : 2; Maturity : 0.0833333333333333,Tenor : 3; Maturity : 0.0833333333333333,Tenor : 4; Maturity : 0.0833333333333333,Tenor : 5; Maturity : 0.0833333333333333,Tenor : 6; Maturity : 0.0833333333333333,Tenor : 7; Maturity : 0.0833333333333333,Tenor : 8; Maturity : 0.0833333333333333,Tenor : 9; Maturity : 0.0833333333333333,Tenor : 10; Maturity : 0.0833333333333333,Tenor : 15; Maturity : 0.0833333333333333,Tenor : 20; Maturity : 0.0833333333333333,Tenor : 25; Maturity : 0.0833333333333333,Tenor : 30; Maturity : 0.0833333333333333,Tenor : 1; Maturity : 0.25,Tenor : 2; Maturity : 0.25,Tenor : 3; Maturity : 0.25,Tenor : 4; Maturity : 0.25,Tenor : 5; Maturity : 0.25,Tenor : 6; Maturity : 0.25,Tenor : 7; Maturity : 0.25,Tenor : 8; Maturity : 0.25,Tenor : 9; Maturity : 0.25,Tenor : 10; Maturity : 0.25,Tenor : 15; Maturity : 0.25,Tenor : 20; Maturity : 0.25,Tenor : 25; Maturity : 0.25,Tenor : 30; Maturity : 0.25,Tenor : 1; Maturity : 0.5,Tenor : 2; Maturity : 0.5,Tenor : 3; Maturity : 0.5,Tenor : 4; Maturity : 0.5,Tenor : 5; Maturity : 0.5,Tenor : 6; Maturity : 0.5,Tenor : 7; Maturity : 0.5,Tenor : 8; Maturity : 0.5,Tenor : 9; Maturity : 0.5,Tenor : 10; Maturity : 0.5,Tenor : 15; Maturity : 0.5,Tenor : 20; Maturity : 0.5,Tenor : 25; Maturity : 0.5,Tenor : 30; Maturity : 0.5,Tenor : 1; Maturity : 0.75,Tenor : 2; Maturity : 0.75,Tenor : 3; Maturity : 0.75,Tenor : 4; Maturity : 0.75,Tenor : 5; Maturity : 0.75,Tenor : 6; Maturity : 0.75,Tenor : 7; Maturity : 0.75,Tenor : 8; Maturity : 0.75,Tenor : 9; Maturity : 0.75,Tenor : 10; Maturity : 0.75,Tenor : 15; Maturity : 0.75,Tenor : 20; Maturity : 0.75,Tenor : 25; Maturity : 0.75,Tenor : 30; Maturity : 0.75,Tenor : 1; Maturity : 1,Tenor : 2; Maturity : 1,Tenor : 3; Maturity : 1,Tenor : 4; Maturity : 1,Tenor : 5; Maturity : 1,Tenor : 6; Maturity : 1,Tenor : 7; Maturity : 1,Tenor : 8; Maturity : 1,Tenor : 9; Maturity : 1,Tenor : 10; Maturity : 1,Tenor : 15; Maturity : 1,Tenor : 20; Maturity : 1,Tenor : 25; Maturity : 1,Tenor : 30; Maturity : 1,Tenor : 1; Maturity : 1.5,Tenor : 2; Maturity : 1.5,Tenor : 3; Maturity : 1.5,Tenor : 4; Maturity : 1.5,Tenor : 5; Maturity : 1.5,Tenor : 6; Maturity : 1.5,Tenor : 7; Maturity : 1.5,Tenor : 8; Maturity : 1.5,Tenor : 9; Maturity : 1.5,Tenor : 10; Maturity : 1.5,Tenor : 15; Maturity : 1.5,Tenor : 20; Maturity : 1.5,Tenor : 25; Maturity : 1.5,Tenor : 30; Maturity : 1.5,Tenor : 1; Maturity : 2,Tenor : 2; Maturity : 2,Tenor : 3; Maturity : 2,Tenor : 4; Maturity : 2,Tenor : 5; Maturity : 2,Tenor : 6; Maturity : 2,Tenor : 7; Maturity : 2,Tenor : 8; Maturity : 2,Tenor : 9; Maturity : 2,Tenor : 10; Maturity : 2,Tenor : 15; Maturity : 2,Tenor : 20; Maturity : 2,Tenor : 25; Maturity : 2,Tenor : 30; Maturity : 2,Tenor : 1; Maturity : 3,Tenor : 2; Maturity : 3,Tenor : 3; Maturity : 3,Tenor : 4; Maturity : 3,Tenor : 5; Maturity : 3,Tenor : 6; Maturity : 3,Tenor : 7; Maturity : 3,Tenor : 8; Maturity : 3,Tenor : 9; Maturity : 3,Tenor : 10; Maturity : 3,Tenor : 15; Maturity : 3,Tenor : 20; Maturity : 3,Tenor : 25; Maturity : 3,Tenor : 30; Maturity : 3,Tenor : 1; Maturity : 4,Tenor : 2; Maturity : 4,Tenor : 3; Maturity : 4,Tenor : 4; Maturity : 4,Tenor : 5; Maturity : 4,Tenor : 6; Maturity : 4,Tenor : 7; Maturity : 4,Tenor : 8; Maturity : 4,Tenor : 9; Maturity : 4,Tenor : 10; Maturity : 4,Tenor : 15; Maturity : 4,Tenor : 20; Maturity : 4,Tenor : 25; Maturity : 4,Tenor : 30; Maturity : 4,Tenor : 1; Maturity : 5,Tenor : 2; Maturity : 5,Tenor : 3; Maturity : 5,Tenor : 4; Maturity : 5,Tenor : 5; Maturity : 5,Tenor : 6; Maturity : 5,Tenor : 7; Maturity : 5,Tenor : 8; Maturity : 5,Tenor : 9; Maturity : 5,Tenor : 10; Maturity : 5,Tenor : 15; Maturity : 5,Tenor : 20; Maturity : 5,Tenor : 25; Maturity : 5,Tenor : 30; Maturity : 5,Tenor : 1; Maturity : 7,Tenor : 2; Maturity : 7,Tenor : 3; Maturity : 7,Tenor : 4; Maturity : 7,Tenor : 5; Maturity : 7,Tenor : 6; Maturity : 7,Tenor : 7; Maturity : 7,Tenor : 8; Maturity : 7,Tenor : 9; Maturity : 7,Tenor : 10; Maturity : 7,Tenor : 15; Maturity : 7,Tenor : 20; Maturity : 7,Tenor : 25; Maturity : 7,Tenor : 30; Maturity : 7,Tenor : 1; Maturity : 10,Tenor : 2; Maturity : 10,Tenor : 3; Maturity : 10,Tenor : 4; Maturity : 10,Tenor : 5; Maturity : 10,Tenor : 6; Maturity : 10,Tenor : 7; Maturity : 10,Tenor : 8; Maturity : 10,Tenor : 9; Maturity : 10,Tenor : 10; Maturity : 10,Tenor : 15; Maturity : 10,Tenor : 20; Maturity : 10,Tenor : 25; Maturity : 10,Tenor : 30; Maturity : 10,Tenor : 1; Maturity : 15,Tenor : 2; Maturity : 15,Tenor : 3; Maturity : 15,Tenor : 4; Maturity : 15,Tenor : 5; Maturity : 15,Tenor : 6; Maturity : 15,Tenor : 7; Maturity : 15,Tenor : 8; Maturity : 15,Tenor : 9; Maturity : 15,Tenor : 10; Maturity : 15,Tenor : 15; Maturity : 15,Tenor : 20; Maturity : 15,Tenor : 25; Maturity : 15,Tenor : 30; Maturity : 15,Tenor : 1; Maturity : 20,Tenor : 2; Maturity : 20,Tenor : 3; Maturity : 20,Tenor : 4; Maturity : 20,Tenor : 5; Maturity : 20,Tenor : 6; Maturity : 20,Tenor : 7; Maturity : 20,Tenor : 8; Maturity : 20,Tenor : 9; Maturity : 20,Tenor : 10; Maturity : 20,Tenor : 15; Maturity : 20,Tenor : 20; Maturity : 20,Tenor : 25; Maturity : 20,Tenor : 30; Maturity : 20,Tenor : 1; Maturity : 25,Tenor : 2; Maturity : 25,Tenor : 3; Maturity : 25,Tenor : 4; Maturity : 25,Tenor : 5; Maturity : 25,Tenor : 6; Maturity : 25,Tenor : 7; Maturity : 25,Tenor : 8; Maturity : 25,Tenor : 9; Maturity : 25,Tenor : 10; Maturity : 25,Tenor : 15; Maturity : 25,Tenor : 20; Maturity : 25,Tenor : 25; Maturity : 25,Tenor : 30; Maturity : 25,Tenor : 1; Maturity : 30,Tenor : 2; Maturity : 30,Tenor : 3; Maturity : 30,Tenor : 4; Maturity : 30,Tenor : 5; Maturity : 30,Tenor : 6; Maturity : 30,Tenor : 7; Maturity : 30,Tenor : 8; Maturity : 30,Tenor : 9; Maturity : 30,Tenor : 10; Maturity : 30,Tenor : 15; Maturity : 30,Tenor : 20; Maturity : 30,Tenor : 25; Maturity : 30,Tenor : 30; Maturity : 30,Date,Type
"0,02856524847","0,03869965911","0,0401265447","0,04076194192","0,04046625558","0,03895268871","0,03755347126","0,03676812094","0,03664553063","0,03559461127","0,03400542477","0,03266646549","0,03240728321","0,03272053661","0,05787960027","0,0699442825","0,07090527","0,0699285504","0,06984507012","0,06607126964","0,06610550525","0,06455390338","0,06353330278","0,06260467432","0,05879170811","0,05600647265","0,05556954667","0,05669971005","0,09503061788","0,1047164586","0,1012799215","0,1003548683","0,09872828192","0,09676419561","0,0922956466","0,09017696165","0,09000230089","0,08631633733","0,08175007948","0,07888961013","0,08060616407","0,08089867048","0,1274114903","0,1286235754","0,1258565864","0,1243365142","0,1201451649","0,1145271418","0,1137437785","0,1117709226","0,1099048779","0,1057502265","0,1003114903","0,09779321776","0,09634205652","0,0987667294","0,155058013","0,1497009964","0,1454574635","0,1385687658","0,1371954919","0,1299407242","0,1284094972","0,1250194873","0,1227558214","0,1234077042","0,1148518915","0,1133801834","0,1126214137","0,1122475341","0,184783853","0,1746592047","0,1684012898","0,1655670738","0,1628683881","0,1581311231","0,1535357503","0,1499745325","0,1477112777","0,1436327957","0,1391821832","0,132260166","0,1323711481","0,1347183952","0,2011066702","0,1945464601","0,1909851792","0,1854422521","0,1813661792","0,1744291774","0,1745971874","0,1680014621","0,1663780258","0,1668076476","0,1542764738","0,151087866","0,1511535618","0,156569222","0,2276927684","0,214867613","0,2146318884","0,2126351105","0,2029714565","0,1994739799","0,2001235815","0,195587023","0,1958288315","0,1899747852","0,1835964494","0,1803607208","0,1792802228","0,1812349154","0,2411744017","0,238314888","0,2303839909","0,2286395439","0,2215359446","0,2223319568","0,217484381","0,2117982155","0,2106234432","0,2080291499","0,2028812847","0,2008351398","0,2030224615","0,2047857206","0,2572589456","0,2475165514","0,2459254064","0,2390108946","0,2390265689","0,2330771722","0,2311467073","0,2296744235","0,2273031214","0,2252914127","0,213276279","0,2173197047","0,2179017602","0,218848615","0,2663843763","0,2637544884","0,2604317712","0,2539176038","0,2573671895","0,2469602775","0,247747858","0,2417055767","0,2448829479","0,2434766886","0,2393846813","0,2396863995","0,2391198596","0,250897181","0,2754859264","0,2765719272","0,2668485864","0,2691082452","0,2599048276","0,2608537205","0,2609435248","0,2574602205","0,2531758892","0,2519481425","0,2533405424","0,2550964922","0,2646550797","0,2743542074","0,2808853071","0,281137821","0,2731308905","0,2706955588","0,276366777","0,2731651897","0,2732132373","0,2710164867","0,2720645821","0,2722722719","0,2706062002","0,2805777054","0,2850354829","0,3002830603","0,2927465354","0,2927903353","0,2936468496","0,2933979588","0,2911257402","0,2895751552","0,2850306963","0,2840425438","0,2860738254","0,2893685788","0,2955371346","0,3022734352","0,3176249364","0,3252656242","0,3186035344","0,3160080193","0,3142928122","0,3127930363","0,3140302686","0,3081610239","0,3128301073","0,3081478298","0,3090006978","0,308700298","0,3232206274","0,3359335174","0,3482338121","0,344704766","0,3288336468","0,3261170795","0,3272531824","0,3327429456","0,3310531734","0,3290560763","0,330997236","0,3246759027","0,3257576467","0,3223929552","0,3458591935","0,3591623248","0,3466704804","0,3376700665",01/01/2050,Complete 
"0,02933362893","0,03949945969","0,04098204253","0,04163817244","0,04133630176","0,0398149191","0,03839713932","0,03763125784","0,03750447155","0,03643670153","0,03479907231","0,03339891973","0,03314047524","0,03345584775","0,05905525604","0,07117830805","0,07232522725","0,07130621552","0,07130936276","0,06748567281","0,06749440597","0,06593920993","0,06491641717","0,06397096462","0,06004301648","0,05720365712","0,05678195402","0,05791860373","0,09629135273","0,1063372124","0,1032158439","0,1022242329","0,1006568231","0,09867540993","0,09412946349","0,09198153478","0,09182171101","0,08810524784","0,08331710555","0,08043136815","0,08222541962","0,0824942623","0,1288396551","0,1307525234","0,1280446895","0,1263936821","0,1225817888","0,1166585402","0,1159400659","0,1139264345","0,1120418552","0,1077967487","0,102151947","0,09963351407","0,09819333998","0,1006312738","0,1568590735","0,1522863803","0,148006657","0,1411183206","0,139948382","0,1324538724","0,1307869244","0,1274112816","0,125088596","0,1256843676","0,116875821","0,1154378615","0,1146768337","0,1142577761","0,1882627247","0,1785666533","0,1721204153","0,1689956591","0,1661553604","0,1613760497","0,1564701185","0,1528828866","0,150501802","0,1462198424","0,1416038063","0,1345372813","0,1346230694","0,1370676497","0,2053184963","0,1990737534","0,1951889709","0,1892852317","0,185116847","0,177974343","0,1779924998","0,1711958191","0,1693948168","0,1696677201","0,1568796","0,1536002624","0,1536103328","0,1591565476","0,2323814574","0,2195900485","0,2190727439","0,2170438037","0,206988123","0,2032865955","0,2037322342","0,1988799222","0,1990433659","0,1930848494","0,1864879357","0,183064619","0,181911596","0,1839300235","0,2465763035","0,2433236693","0,2348255817","0,2329872743","0,225660508","0,2260887664","0,220988149","0,2151386782","0,2138652133","0,2111048213","0,2057336933","0,2034684884","0,2057651249","0,2074674593","0,2622148387","0,2521538075","0,2505332174","0,243013909","0,2427982803","0,2367251514","0,2345720335","0,2329933224","0,2304820528","0,2283249061","0,2160973032","0,2199188362","0,2204149027","0,221501201","0,2707317657","0,2678189914","0,2642779124","0,2574969708","0,2608016827","0,2501528461","0,2509320132","0,2446643231","0,2477426316","0,2462270607","0,2421492673","0,2422715238","0,2416110216","0,2535018338","0,2784629915","0,2795226009","0,2696217082","0,2719117694","0,2625644208","0,2635612004","0,2636253635","0,2601222185","0,2557698722","0,2545086227","0,2559410697","0,2575265183","0,2671788098","0,2769980739","0,2839038093","0,284041078","0,2759235839","0,2735793734","0,2792502436","0,2761277394","0,2761894995","0,2740063854","0,275138659","0,2753689855","0,2736364502","0,2835826906","0,2881675321","0,3033666074","0,2965764254","0,2967313054","0,2976595258","0,2974618476","0,2951536139","0,2935595136","0,2889810211","0,2879886195","0,2900516245","0,2934112796","0,2994889414","0,3060733539","0,3216172353","0,3294312802","0,3227813748","0,3199799325","0,3183523159","0,316865326","0,318150031","0,312264901","0,3171160525","0,3123910286","0,3133518575","0,3131431924","0,3275619819","0,3400839697","0,3527781102","0,3483841031","0,3340243712","0,3310117667","0,3321225472","0,33781908","0,3363193128","0,3344336469","0,3365683449","0,3302440806","0,3314624729","0,3281437972","0,3518156448","0,3651968867","0,3509928163","0,3408223974",01/02/2050,Complete 
"0,02869551497","0,03881632335","0,04032821703","0,04104220231","0,04080419539","0,03932890741","0,03796837395","0,03721608628","0,0371068443","0,03606157486","0,0344758971","0,03309276367","0,03283868636","0,03315407361","0,0579222605","0,07012744888","0,07132961665","0,07046446805","0,07050105042","0,06675080726","0,06683739777","0,06531788488","0,0643396651","0,06342332657","0,05958005862","0,05673757354","0,05632259446","0,05744779725","0,09490138213","0,1050687515","0,1020297268","0,1012449562","0,09973219439","0,09781155692","0,09336331521","0,09125516297","0,09113723945","0,08744324315","0,08273614902","0,07986951799","0,08164645417","0,08193248001","0,1272906697","0,1294425476","0,1269081238","0,1254654594","0,1215042773","0,1157978064","0,1150864922","0,1131129789","0,11128532","0,1070632329","0,1015219033","0,09899528263","0,09753373626","0,0999872645","0,1554262474","0,1509434044","0,1468655102","0,1401788417","0,1388767538","0,1315183374","0,1299575135","0,1265617678","0,1243134567","0,1249540316","0,1162148845","0,114730411","0,1139562597","0,1135446177","0,1864260894","0,176978268","0,1707081033","0,1678969336","0,1650150235","0,1602254584","0,1555261916","0,151929664","0,1495937413","0,1453911977","0,1408269376","0,1337503094","0,1338324122","0,1362342724","0,2036703567","0,1975609619","0,1937675177","0,1880672813","0,1839117148","0,1768020658","0,1768904276","0,1701768687","0,1684740637","0,168831822","0,1560079269","0,1527212043","0,1527168706","0,158228305","0,230952558","0,218150654","0,2176766106","0,2155841614","0,2057388164","0,2021135555","0,2026213589","0,1979028949","0,197966527","0,1920473362","0,1854948556","0,1821550587","0,1809778244","0,1829252426","0,2448094333","0,2416316805","0,2334568965","0,2316320865","0,2243607529","0,2249761116","0,2198588959","0,2140417992","0,2127280194","0,2099758447","0,2047149694","0,2025454533","0,2047409912","0,2064394705","0,2606095911","0,2506800341","0,2490277289","0,2417830551","0,2415444384","0,2355079909","0,2333693646","0,2317765614","0,229363512","0,2272537496","0,2150201867","0,2188892086","0,2193738104","0,2204266255","0,2693406392","0,2664050929","0,2628793285","0,256182841","0,2595487713","0,2489599245","0,2496812808","0,2434272395","0,2465724377","0,2451014845","0,2409973201","0,2411429266","0,2404957936","0,2522728477","0,2772961408","0,2783060308","0,2684406587","0,2706771459","0,2613668771","0,2623400027","0,2623961118","0,2589015213","0,2545813465","0,2533375189","0,2547442498","0,2563650749","0,265907064","0,2756589621","0,2824582795","0,2826441016","0,2745886302","0,2721999367","0,2778846574","0,2747358272","0,2748127871","0,2726288758","0,2737303923","0,2739546468","0,2722248478","0,2821456131","0,2866439081","0,3018283995","0,2949269564","0,2950491094","0,2959583876","0,2957425673","0,2934569071","0,2918722449","0,2873525705","0,2863474209","0,2883516454","0,2916696804","0,2977194001","0,3042734328","0,3196853824","0,3274439837","0,3209352276","0,3181590693","0,3166036216","0,3150675439","0,316316564","0,3104242659","0,3151919112","0,310435589","0,3113342792","0,3110870755","0,3254050905","0,3380901501","0,3505096233","0,346539221","0,3313199651","0,3283418179","0,3295382858","0,3352005347","0,3336344429","0,3317071781","0,3337996084","0,3274871801","0,3287095715","0,3254359711","0,3489145349","0,3622356836","0,3486516391","0,3390268092",01/03/2050,Complete 
"0,03085353547","0,04153627211","0,04303508255","0,0436051656","0,04324107352","0,04155580313","0,03997733091","0,03916700443","0,03896815863","0,03779342083","0,0359978754","0,03435570691","0,03405632006","0,0342897728","0,06160321554","0,07451599059","0,07578638691","0,07446415899","0,07439149601","0,07014161117","0,07007290684","0,06824219911","0,06721244634","0,06615291061","0,06190863085","0,05870819245","0,05826864944","0,05930339502","0,100249972","0,1111250793","0,1080505749","0,1065437089","0,1046693077","0,1023658437","0,0974568846","0,0949479796","0,09485056553","0,09088175617","0,08554517928","0,08233145514","0,08416292493","0,08428538448","0,1339160341","0,1370047151","0,1338252446","0,1314012597","0,1273538167","0,1207389516","0,1198008849","0,1174039731","0,1155191352","0,1108848709","0,104709314","0,101851748","0,1003005584","0,1026457293","0,1635173986","0,15910241","0,1540980628","0,1467680053","0,1450985524","0,1369135213","0,1348619516","0,1311176951","0,1287522504","0,129137317","0,1195870454","0,1178021751","0,1169233174","0,1162902783","0,1971623775","0,1869837014","0,1796135101","0,1758113509","0,1719212289","0,1666115274","0,1612191463","0,1572624446","0,1545740722","0,1499488468","0,1447113374","0,1370052194","0,1369688341","0,1393028486","0,2140112089","0,2077898845","0,2027046989","0,1958381627","0,1911582974","0,1832982329","0,1829411123","0,175686805","0,1736576919","0,1736732005","0,1599499265","0,156081169","0,1558567808","0,1614455896","0,2404066472","0,2273987136","0,2260481814","0,2234113596","0,2126977233","0,2085759007","0,2086367793","0,2032924862","0,2030239451","0,1967915153","0,1894721592","0,1856480291","0,1841810901","0,1858979366","0,2544606873","0,2501927249","0,2411156036","0,2389730779","0,2310278371","0,230955974","0,2252547744","0,2190557256","0,2174003645","0,2142126128","0,20837454","0,2056053466","0,2077657364","0,2090883401","0,2689012839","0,2583607231","0,2564255853","0,2481559888","0,2472906074","0,2409292726","0,2383228159","0,2363264355","0,233762928","0,2312988156","0,2182394376","0,2216172367","0,2215999159","0,2228468476","0,2758481519","0,2720709114","0,2681750595","0,2609320348","0,264082181","0,2529934247","0,2538193043","0,2467907106","0,2499595941","0,2480425024","0,2437365032","0,2434702739","0,2423902933","0,2541531501","0,2807081316","0,2816138604","0,2715559046","0,2736989677","0,2641131411","0,2649917042","0,2650792873","0,2614624072","0,2570861362","0,2558008059","0,2569754742","0,2580230006","0,2674290309","0,277162688","0,285468052","0,285394628","0,277161306","0,2747755865","0,2806049153","0,277354208","0,277474047","0,2752530238","0,2762950727","0,276521","0,2742932219","0,2837916029","0,2884549999","0,303531128","0,2986777623","0,2988635069","0,2998635361","0,2997009207","0,2972499246","0,2955755041","0,2908615556","0,2892652254","0,2917117971","0,2949300104","0,3004226921","0,3063716118","0,3220096575","0,3300786738","0,3243096446","0,3209998276","0,3198422251","0,3182180978","0,3194507858","0,3134204657","0,3183802078","0,3134353983","0,3144270089","0,3141829845","0,32814472","0,3405330584","0,3532389594","0,3484889253","0,3342110327","0,3310022518","0,3322262424","0,3381492371","0,3368837741","0,3351062361","0,3375476186","0,3312792045","0,3328109629","0,3297710059","0,3532458958","0,3661000518","0,3514044006","0,3404649588",01/05/2050,Complete 
"0,03040578946","0,04117351373","0,04268084142","0,04326587622","0,04293730367","0,04125254651","0,03968485851","0,03886724021","0,03866701272","0,03749221972","0,03571848512","0,03406407508","0,03375904281","0,03397535743","0,06088428884","0,07401501094","0,07527967216","0,07401688722","0,07391986536","0,06965350036","0,06962730479","0,06776682159","0,06676381922","0,06570906718","0,06149947803","0,05824693194","0,05780150471","0,05880786436","0,09963908532","0,110649727","0,1075188163","0,106071541","0,1041438168","0,1018193401","0,09692870626","0,09438441811","0,09431937212","0,09032830483","0,08501872466","0,08176034632","0,08355833178","0,08367113283","0,1333894694","0,1366160413","0,1334284131","0,1310371784","0,1266907786","0,1201907676","0,1191892382","0,1167570986","0,1149141206","0,110252782","0,1041189522","0,1011865913","0,09959390151","0,1019244555","0,163277453","0,1586483615","0,1536311504","0,1463377611","0,1444000957","0,1362514795","0,1342429265","0,1304064373","0,1280998118","0,1284956423","0,118937718","0,117043997","0,1161311146","0,115475237","0,1964828537","0,1862039196","0,1787945719","0,1751665678","0,1711022558","0,1656919973","0,1604446231","0,1564223776","0,1537483013","0,1491827342","0,1439199473","0,1361328099","0,1360758334","0,1383277219","0,213121862","0,2068460265","0,2016922812","0,1949056025","0,1901627246","0,1822618354","0,1819358653","0,1747177905","0,1727715342","0,1728530919","0,1590275579","0,1550673577","0,1548069421","0,1603302389","0,2393074181","0,2262155197","0,224858763","0,2220728073","0,211506112","0,2074278286","0,207530644","0,2022987131","0,2019162954","0,195699909","0,1883539602","0,1845635856","0,1830486508","0,1846331417","0,2528366701","0,2485721992","0,2397951001","0,2376458186","0,2296993418","0,2297907701","0,224062366","0,2178762267","0,2161632908","0,2129591106","0,2071820919","0,2044642638","0,2064859799","0,2077436632","0,2673157498","0,256891204","0,2548885106","0,2468769533","0,245960166","0,2396169755","0,2370149633","0,2349707513","0,2325182352","0,230073011","0,2169152726","0,2203171975","0,220226965","0,2214339753","0,2743317459","0,2704836298","0,2666198569","0,2594429205","0,2626558382","0,2516077104","0,2523969952","0,2453055942","0,2485819144","0,246653852","0,2422884937","0,2420306287","0,2409080954","0,2525076899","0,2793018799","0,2801508243","0,2701563211","0,2722300397","0,2626715298","0,2634942858","0,2635934386","0,2599640336","0,2556277261","0,2543597273","0,2554507315","0,2564766725","0,2657297501","0,2753573305","0,283734173","0,2836925662","0,2755157673","0,2730676066","0,2789284923","0,2756102484","0,2757407756","0,2735044507","0,2744786864","0,2746897003","0,2723922753","0,2817919274","0,2863657989","0,3014089886","0,2966083133","0,2967396001","0,2977057624","0,2975197998","0,2950714109","0,293406381","0,2887127806","0,2869918539","0,2894633958","0,2926012368","0,2979916339","0,3038399084","0,3193483362","0,3273532305","0,3218594133","0,3185414304","0,317500623","0,3158133307","0,316986327","0,3109262319","0,3157884855","0,3107926734","0,3117096816","0,3113981069","0,3252377186","0,3377574474","0,3501403094","0,3459211893","0,3305261938","0,3274132679","0,3287112151","0,3345782633","0,3332485336","0,3314260528","0,3338304114","0,3275798172","0,3291232692","0,3261458686","0,3493902458","0,3620479209","0,3483314587","0,338022189",01/06/2050,Complete 
"0,03007515592","0,04020247542","0,04183522765","0,04262160318","0,04239191711","0,04092703215","0,03956341539","0,03886182588","0,03875674961","0,03769110991","0,03602993008","0,03453452986","0,03428764892","0,03461521168","0,05994448815","0,07224036319","0,07384749878","0,07296570626","0,07320232275","0,06939467379","0,06946855698","0,06797289553","0,06701344009","0,06607511467","0,06203827323","0,05910142618","0,05872724034","0,0598664622","0,09693379556","0,1078285602","0,1054799997","0,1046592322","0,1033236498","0,1014132637","0,09686270921","0,09473105569","0,0946637533","0,090923189","0,08580373819","0,08291753151","0,08485805198","0,08511000367","0,1295478863","0,1331772899","0,1308668976","0,1292588967","0,1260927689","0,1198565924","0,1193023412","0,117281162","0,1154420682","0,1110513913","0,1051331482","0,1026353679","0,101202632","0,1037002115","0,158380839","0,155587016","0,1515713233","0,1449962658","0,1441248005","0,1363495565","0,1345590659","0,1312125922","0,1288761829","0,1294187561","0,1202055824","0,1187992655","0,1180321039","0,1175441706","0,1926669387","0,1842563715","0,1777929893","0,1745262102","0,171357084","0,1665155552","0,1612720982","0,1576305068","0,1550678656","0,150475562","0,1456074068","0,1382627741","0,1383057609","0,1409058606","0,2116037334","0,2062921655","0,2019268303","0,1955710604","0,1912614416","0,1837549093","0,1835569433","0,1764720413","0,174438735","0,1744949889","0,1611398463","0,1577025101","0,1575900009","0,1633785873","0,2401352404","0,2274721363","0,2263896981","0,224241885","0,2136785984","0,2096631064","0,2097677455","0,2044301511","0,2043015437","0,1981716662","0,191193912","0,1875292747","0,1862002602","0,188290545","0,2554573688","0,2514915572","0,2422550729","0,2402302265","0,2325289777","0,2324318263","0,2267802464","0,2206400683","0,2191074036","0,2160212628","0,210347509","0,2077506159","0,2101732622","0,2117876856","0,2704086029","0,2598509824","0,2581320869","0,2497111406","0,2489906803","0,2427038324","0,2401145904","0,2383001344","0,2356096291","0,2332288617","0,2206127524","0,2240465839","0,2243674405","0,2256989286","0,2779585155","0,2744339264","0,2704404635","0,2632133535","0,2662965263","0,2552331225","0,2559442942","0,249266965","0,2521900339","0,2505267814","0,2464470666","0,2462289902","0,2454204326","0,2574645616","0,2831456326","0,2840979985","0,2738615053","0,2761446344","0,2665611455","0,2676361555","0,267627265","0,2641083661","0,2596579887","0,2583533412","0,2598616592","0,2611651481","0,2708863828","0,2808815096","0,2883527373","0,2883204504","0,2800597531","0,2778378383","0,28353516","0,2805505032","0,2806710696","0,2785262107","0,2798056008","0,280081925","0,2782434989","0,2881386421","0,2928820002","0,3079989244","0,302498738","0,30284627","0,3039244064","0,3038112035","0,301459544","0,2997822296","0,2952301477","0,2942577907","0,2962834511","0,2997439346","0,3056347256","0,3119156662","0,3276631653","0,3357892771","0,3292506859","0,326072582","0,3246765286","0,3231628266","0,3245309259","0,3186218268","0,3237422298","0,3189118856","0,3200268545","0,3199781541","0,3340743422","0,3464203428","0,3595962815","0,3538991769","0,3417463583","0,3381464537","0,3393319635","0,3454135932","0,3442184257","0,3425102139","0,3449792397","0,338675213","0,3401775448","0,3370139585","0,3608113977","0,3743389091","0,3572247137","0,3453220225",01/08/2050,Complete 
"0,02902960382","0,03890714419","0,04051535726","0,04133700708","0,04114612528","0,03976396363","0,03848446097","0,03779759926","0,03772803835","0,03671955555","0,03515346",NA,"0,0335652178","0,03392961046","0,0582244572","0,07015065892","0,07164331131","0,0709287648","0,07117373965","0,06758763935","0,06771216771","0,06634744436","0,06539537603","0,06452034345","0,06067750219","0,05792539809","0,05755375175","0,05873793941","0,09450259308","0,1049117507","0,102448966","0,1019073174","0,1006936147","0,09894313439","0,09459606528","0,09264427028","0,09254609728","0,08893660851","0,08415584557","0,08143100386","0,0833241299","0,083654893","0,1265155174","0,1294127389","0,1273145504","0,1261285925","0,122917365","0,1171288466","0,1166541965",NA,"0,1130001481","0,108825028","0,1032368536","0,1008932961",NA,"0,1020423733","0,1545135878","0,151401987","0,1477475189","0,1413984112","0,1406667704","0,133306894","0,13175339","0,1285693329","0,1262789564","0,1269463201","0,1181723602","0,1169106712","0,1161950675","0,1158233708","0,187160624","0,1788609478","0,1728778328","0,1700555533","0,1674214788","0,1628362267","0,1579428263","0,1544828319","0,1521112816","0,147756442","0,1432425515","0,1362425851","0,1363486062","0,1389650302","0,2059495124","0,2005187782","0,1968208567","0,1910617102","0,187017272","0,1799213875","0,1799615421","0,1731670579","0,1713102927","0,1715534346","0,158723668",NA,"0,1556044247","0,1613237701","0,2346232998","0,222028936","0,2214550484","0,2195937097","0,2094914232","0,2057515189","0,2061147617","0,2011350969","0,2012270074","0,1952700427","0,1887142295","0,185305433","0,1841483583","0,1863492784","0,2497128002",NA,"0,2376348176","0,2357913057","0,2284624083","0,2287518946","0,2234703972","0,2175538125","0,2162334822","0,2134056956","0,2080406038","0,2057743281","0,2082071333","0,210017744",NA,"0,2551963668","0,2536330512","0,2458053463","0,2454693186","0,239368069","0,2370695815","0,235488526","0,232886756","0,2307026417","0,2185414186","0,2222668651",NA,"0,2240690098","0,2739327727","0,2709133752","0,2671680845","0,2602613598","0,2634748593","0,2527060431","0,2533791275","0,2471365168",NA,"0,248635534","0,2446598417","0,2446920019","0,2441149783","0,2561542417","0,2809798733","0,2820040279","0,2719064411",NA,"0,2648237324","0,2659371073","0,2659251655","0,2624663621","0,2580524654","0,2567708947","0,2583853394","0,2600071635","0,2698034284","0,2797934541","0,2864548861","0,2865679376","0,2784054381","0,2761737561","0,2817909589","0,2788418731","0,2789284435","0,2767952173","0,2780874148","0,2783563593","0,2767799298","0,2868955921","0,2915460549",NA,"0,3000497212","0,3003434294","0,3013534746","0,3012043164","0,2989379339","0,2973166396","0,2928463366","0,2921664037","0,2939849524","0,2974859337","0,3036837643","0,3103113628","0,3259417226","0,3338746554","0,3269401615","0,3240754314","0,3224421397",NA,"0,3223480817","0,3165100525","0,321508832","0,3167889077","0,3178438335","0,3177754939","0,3321117187","0,3446042778","0,3576139941","0,3524257336","0,339608483","0,3362009293",NA,"0,3432490479","0,3418709787","0,3400695977","0,3423254922","0,3359917054",NA,"0,3339875769","0,3578134376","0,3715638781",NA,"0,3442329553",01/09/2050,Missing Data
"0,02970021192","0,03945315669",NA,"0,04164167664","0,04131241872","0,03987941997","0,03852544667","0,03780952088","0,03772461861","0,03670802951","0,03509369336","0,03381663504","0,03359280159","0,03398878816","0,05954170217","0,07089632831","0,07210289408","0,07113300322","0,07127346365","0,06768811452","0,06765785079","0,06630771442","0,06524533653","0,06434653362","0,06046956264","0,0578946702","0,05750411196","0,05875442791","0,09584978329","0,1054349114","0,1025823541","0,1017441155","0,100477091","0,09870423158","0,09428792077","0,09238705205","0,09214985681","0,08859295636","0,08393770294","0,08130440313","0,08318443427","0,08354172451","0,127727626","0,129214745","0,1268266002","0,1254702478",NA,"0,1166127655","0,1161659588","0,1144042782","0,1124413211","0,1084038188","0,1028648447","0,1006745682","0,09937918409","0,1019073855","0,1546208218","0,1508171215","0,1469501529","0,1402590262","0,1399379112","0,1326253729","0,1310204568","0,1280191942","0,1255879556","0,1262499558","0,1177210204","0,1166938325","0,1160620112","0,1157829791","0,1865480615","0,1775665534","0,171606571","0,1684027187","0,1663372284","0,1620037516","0,1569424901","0,153656889","0,1513506029","0,1470354349","0,1427168692","0,1360740424","0,1362545104","0,1389709352","0,2045392025","0,198594911","0,1952968012","0,1895775775","0,1857438404","0,1789479075","0,1790317748","0,1723105614","0,1703880149","0,1705975254","0,1583564381","0,1555265564","0,1557042012","0,1614288101","0,2326581989","0,2201605415","0,2199321533",NA,"0,2083101141","0,2046479532","0,2051119836","0,2001494668","0,2007076404","0,1948077026","0,1885352746","0,1851797127","0,1842496896","0,1867259546","0,2482702197","0,2453405075","0,2363108731","0,2345951091","0,2274823303","0,2276857943",NA,"0,2170417209","0,2160270657","0,2134372491","0,2080929617","0,2058938201","0,2085905373","0,2106072171","0,2642532286","0,254063549","0,2527160187","0,2448037162","0,2449066781",NA,"0,236852249","0,2355275325","0,2327646939","0,2306615476","0,2189709293","0,2228743941","0,2237541811","0,2249065005","0,2731702685","0,270699957","0,2671691163","0,2603683166",NA,"0,2529466152","0,2537644525","0,2479185099","0,2506838421","0,2493613517","0,2455343921","0,24575837","0,2453728213","0,2577180363","0,2815120898","0,2827438562","0,2727077301","0,275226472","0,2658851962","0,267082613","0,2670943911","0,2636729246","0,259222492","0,2579243807","0,2596934345","0,261537301","0,2716737929","0,2818122305","0,287968954","0,2881035292","0,2798876068","0,2777356616","0,283257174","0,280385818","0,2804050532","0,278284262","0,2796495838","0,2799256937","0,278585259","0,2889714121","0,293748837","0,3090518453","0,3014487787","0,3017542732","0,3027533932","0,3026094459","0,3003603008","0,2987684164","0,2942219512","0,2938313095","0,2956262061","0,2992629057","0,3058320032","0,312896836","0,3287183265","0,3366029349","0,3289120374","0,3263034595","0,3242308262","0,3229488848","0,3244139574","0,3186667784","0,3237394078","0,3192213685","0,3203707537","0,3203732117","0,3352187581","0,3474378694",NA,"0,3552498003","0,3438882799","0,3406255203","0,3415180293","0,3473021893","0,3458997795","0,344104312",NA,"0,3398569692","0,3409493615","0,3373825432","0,3616554213","0,3757368129","0,3589728937","0,3473952885",01/11/2050,Missing Data
NA,NA,NA,NA,NA,NA,NA,NA,NA,NA,NA,NA,NA,NA,NA,NA,NA,NA,NA,NA,NA,NA,NA,NA,NA,NA,NA,NA,NA,NA,NA,NA,NA,NA,NA,NA,NA,NA,NA,NA,NA,NA,NA,NA,NA,NA,NA,NA,NA,NA,NA,NA,NA,NA,NA,NA,NA,NA,NA,NA,NA,NA,NA,NA,NA,NA,NA,NA,NA,NA,NA,NA,NA,NA,NA,NA,NA,NA,NA,NA,NA,NA,NA,NA,NA,NA,NA,NA,NA,NA,NA,NA,NA,NA,NA,NA,NA,NA,NA,NA,NA,NA,NA,NA,NA,NA,NA,NA,NA,NA,NA,NA,NA,NA,NA,NA,NA,NA,NA,NA,NA,NA,NA,NA,NA,NA,NA,NA,NA,NA,NA,NA,NA,NA,NA,NA,NA,NA,NA,NA,NA,NA,NA,NA,NA,NA,NA,NA,NA,NA,NA,NA,NA,NA,NA,NA,NA,NA,NA,NA,NA,NA,NA,NA,NA,NA,NA,NA,NA,NA,NA,NA,NA,NA,NA,NA,NA,NA,NA,NA,NA,NA,NA,NA,NA,NA,NA,NA,NA,NA,NA,NA,NA,NA,NA,NA,NA,NA,NA,NA,NA,NA,NA,NA,NA,NA,NA,NA,NA,NA,NA,NA,NA,NA,NA,NA,NA,NA,NA,NA,NA,NA,NA,NA,01/12/2050,Future prediction
NA,NA,NA,NA,NA,NA,NA,NA,NA,NA,NA,NA,NA,NA,NA,NA,NA,NA,NA,NA,NA,NA,NA,NA,NA,NA,NA,NA,NA,NA,NA,NA,NA,NA,NA,NA,NA,NA,NA,NA,NA,NA,NA,NA,NA,NA,NA,NA,NA,NA,NA,NA,NA,NA,NA,NA,NA,NA,NA,NA,NA,NA,NA,NA,NA,NA,NA,NA,NA,NA,NA,NA,NA,NA,NA,NA,NA,NA,NA,NA,NA,NA,NA,NA,NA,NA,NA,NA,NA,NA,NA,NA,NA,NA,NA,NA,NA,NA,NA,NA,NA,NA,NA,NA,NA,NA,NA,NA,NA,NA,NA,NA,NA,NA,NA,NA,NA,NA,NA,NA,NA,NA,NA,NA,NA,NA,NA,NA,NA,NA,NA,NA,NA,NA,NA,NA,NA,NA,NA,NA,NA,NA,NA,NA,NA,NA,NA,NA,NA,NA,NA,NA,NA,NA,NA,NA,NA,NA,NA,NA,NA,NA,NA,NA,NA,NA,NA,NA,NA,NA,NA,NA,NA,NA,NA,NA,NA,NA,NA,NA,NA,NA,NA,NA,NA,NA,NA,NA,NA,NA,NA,NA,NA,NA,NA,NA,NA,NA,NA,NA,NA,NA,NA,NA,NA,NA,NA,NA,NA,NA,NA,NA,NA,NA,NA,NA,NA,NA,NA,NA,NA,NA,NA,NA,01/13/2050,Future prediction
NA,NA,NA,NA,NA,NA,NA,NA,NA,NA,NA,NA,NA,NA,NA,NA,NA,NA,NA,NA,NA,NA,NA,NA,NA,NA,NA,NA,NA,NA,NA,NA,NA,NA,NA,NA,NA,NA,NA,NA,NA,NA,NA,NA,NA,NA,NA,NA,NA,NA,NA,NA,NA,NA,NA,NA,NA,NA,NA,NA,NA,NA,NA,NA,NA,NA,NA,NA,NA,NA,NA,NA,NA,NA,NA,NA,NA,NA,NA,NA,NA,NA,NA,NA,NA,NA,NA,NA,NA,NA,NA,NA,NA,NA,NA,NA,NA,NA,NA,NA,NA,NA,NA,NA,NA,NA,NA,NA,NA,NA,NA,NA,NA,NA,NA,NA,NA,NA,NA,NA,NA,NA,NA,NA,NA,NA,NA,NA,NA,NA,NA,NA,NA,NA,NA,NA,NA,NA,NA,NA,NA,NA,NA,NA,NA,NA,NA,NA,NA,NA,NA,NA,NA,NA,NA,NA,NA,NA,NA,NA,NA,NA,NA,NA,NA,NA,NA,NA,NA,NA,NA,NA,NA,NA,NA,NA,NA,NA,NA,NA,NA,NA,NA,NA,NA,NA,NA,NA,NA,NA,NA,NA,NA,NA,NA,NA,NA,NA,NA,NA,NA,NA,NA,NA,NA,NA,NA,NA,NA,NA,NA,NA,NA,NA,NA,NA,NA,NA,NA,NA,NA,NA,NA,NA,01/14/2050,Future prediction